record_id,teacher_id,teacher_name,state,district,block,school_id,school_name,subject,grade,project_id,project_title,submission_date,status,student_count,pre_test_score,post_test_score,improvement_raw,training_hours,mentor_name,feedback_rating,last_updated,remarks
1,T1015, Rahul Kaur ,Uttar Pradesh,Amritsar,Block B,SCH009,Govt High School West,English  ,Ten,MI10004,Improving basic numeracy,2025-01-28,In-Review,,25,42,17%,14.0,Simran Kaur,2,2025-02-02 00:00:00,Need support with data entry
2,T1078,Rohit Kumar,Nagaland,Gaya,Block D,SCH006,Mission School West,MATH,Ten,MI10009,Improving basic numeracy,2025-03-26,Approved,34,12,19,7,13.0,Anamika Singh,5,2025-03-29 00:00:00,Great improvement shown
3,T1072, Suresh Kaur ,Uttar Pradesh,Patna,Block B,SCH053,Govt High School Central,Mathematic  ,10,MI10117,Peer learning circles,23/04/2025,Draft,55,58,57,-1,4.4,Ravi Kumar,1,2025-04-23 00:00:00,Need support with data entry
4,T1077,Priya Yadav,Nagaland,Kohima,Urban,SCH017,Govt High School No. 1,SOC SCI  ,IX,MI10099,Science lab activities,2025-01-15,Draft,38,64,83,19,15.3,Anamika Singh,5,2025-01-15 00:00:00,
5,T1040,Suresh Kumar,Punjab,Gaya,Block A,SCH047,Model School No. 1,sci,8,MI10061,Peer learning circles,2025-01-22, SUBMITTED,32,69,88,19,2.4,Ravi Kumar,NA,2025-01-22 00:00:00,
6,T1008, Suresh Kumar ,Bihar,Varanasi,Block A,SCH033,ZP School Central,SOC SCI,8th,MI10017,Peer learning circles,2025-03-15,SUBMITTED,57,24,22,-2,2.0,John Doe,1,2025-03-18 00:00:00,Great improvement shown
7,T1036,Sunita Devi,Bihar,Kohima,Urban,SCH007,Govt High School West,Math,7,MI10109,Reading fluency project,2025-01-22,Rejected,56,7,7,0,19.9,Anamika Singh,4,2025-01-24 00:00:00,Great improvement shown
8,T1070,Rahul Kaur,Uttar Pradesh,Patna,Block A,SCH038,Model School West,sci,8,MI10066,Improving basic numeracy,2025-04-19,In-Review,30+,30,37,7,10.5,Simran Kaur,3,2025-04-22 00:00:00,Follow-up visit required
9,T1041,Priya Kumar,Nagaland,Gaya,Block A,SCH035,ZP School West,maths,8,MI10113,Improving basic numeracy,2025-04-23,Approved,74,38,52,14,2 hrs,Ravi Kumar,1,2025-05-01 00:00:00,Great improvement shown
10,T1027,Rohit Das,Nagaland,Lucknow,Block A,SCH006,Model School Central,Math,6,MI10017,Science lab activities,21/01/2025,In-Review,76,1,-1,-2,2 hrs,Ravi Kumar,NA,2025-01-26 00:00:00,Need support with data entry
11,T1014,Neha Das,Nagaland,Ludhiana,Block B,SCH056,ZP School No. 2,Mathematic  ,6,MI10119,Science lab activities,11-04-25,SUBMITTED,36,34,34,0,6.1,Ravi Kumar,2,2025-04-17 00:00:00,Follow-up visit required
12,T1045,Amit Kaur,Uttar Pradesh,Patna,Block A,SCH057,Mission School No. 2,social science ,10,,Peer learning circles,2025-02-25, SUBMITTED,70,14%,21,,18.8,Ravi Kumar,1,2025-03-07 00:00:00,Follow-up visit required
13,T1039,Rohit Kaur,Nagaland,Varanasi,Block D,SCH045,Mission School West,Science,9,MI10049,Reading fluency project,2025-03-20,Rejected,5,38,42,4,15.9,Ravi Kumar,3,2025-03-28 00:00:00,Data not verified yet
14,T1031,Rohit Devi,Punjab,Ludhiana,Block A,SCH003,ZP School East,social science ,7,MI10114,Peer learning circles,25/01/2025,Rejected,36,18,33,15,13.9,John Doe,NA,2025-01-28 00:00:00,Need support with data entry
15,T1072,Neha Yadav,Nagaland,Kohima,Block B,SCH048,Model School East,maths,9,MI10036,Peer learning circles,2025-03-04,Approved,41,30,33,3%,8.3,Simran Kaur,4,2025-03-04 00:00:00,Great improvement shown
16,T1003,Amit Yadav,Bihar,Varanasi,Block C,SCH049,Model School East,sci,IX,MI10115,Reading fluency project,2025-03-04, Rejected,54,43,59,16,,John Doe,1,2025-03-05 00:00:00,Data not verified yet
17,T1034,Amit Singh,Punjab,Kohima,Block C,SCH022,Model School Central,Mathematic,10,MI10061,Improving basic numeracy,2025-04-06,Approved,13,120,24,-96,2 hrs,Ravi Kumar,3,2025-04-11 00:00:00,Great improvement shown
18,T1021, Rohit Kumar ,Bihar,Lucknow,Urban,SCH044,Model School East,Social Science,7,MI10107,Reading fluency project,2025-01-14,Approved,20,120,92%,NA,9.8,John Doe,4,2025-01-16 00:00:00,Teacher changed mid-term
19,T1079,Sunita Yadav,Nagaland,Lucknow,Block C,SCH055,ZP School No. 1,maths,8th,MI10060,Peer learning circles,2025-03-20,Approved,,41,41,0,10.3,Ravi Kumar,NA,2025-03-26 00:00:00,Teacher changed mid-term
20,T1063,Sunita Kumar,Bihar,Lucknow,Block B,SCH026,ZP School Central,SOC SCI  ,Ten,MI10071,Peer learning circles,2025-02-14, in review,50,58,61,3,3.8,John Doe,5,2025-02-22 00:00:00,
21,T1030,Neha Devi,Uttar Pradesh,Patna,Rural,SCH035,ZP School Central,Math  ,6,MI10090,Reading fluency project,23/03/2025,Rejected,-5,1,14,13,2 hrs,Ayesha Khan,1,2025-04-01 00:00:00,Data not verified yet
22,T1039,Priya Devi,Bihar,Dimapur,Urban,SCH039,ZP School West,Mathematic,8th,MI10039,Peer learning circles,2025-02-24,In-Review,30+,12,37,25,8.2,Anamika Singh,1,2025-02-27 00:00:00,Follow-up visit required
23,T1030, Rohit Kaur ,Punjab,Dimapur,Block A,SCH035,ZP School No. 2,maths,8,MI10022,Science lab activities,18/03/2025,In-Review,61,15,24,9%,,John Doe,5,2025-03-22 00:00:00,Need support with data entry
24,T1074,Rahul Kaur,Uttar Pradesh,Patna,Block B,SCH031,Model School Central,Science,Ten,MI10105,Homework support group,2025-01-12,Rejected,18,20,25,5%,,Simran Kaur,4,2025-01-20 00:00:00,Need support with data entry
25,T1025,Neha Das,Nagaland,Kohima,Block A,SCH014,Mission School West,Science,10,MI10090,Homework support group,2025-01-16,in review,35,20,24,4,2 hrs,Ravi Kumar,3,2025-01-24 00:00:00,Data not verified yet
26,T1032,Sunita Das,Punjab,Dimapur,Block B,SCH059,ZP School No. 1,maths,Class 7,MI10101,Peer learning circles,04/02/2025, Approved,80,74,90,16,6.4,Ravi Kumar,2,2025-02-13 00:00:00,Teacher changed mid-term
27,T1061,Amit Yadav,Punjab,Kohima,Block A,SCH009,Mission School No. 1, Eng ,7,MI10059,Improving basic numeracy,2025-04-03,SUBMITTED,24,9,19,10,10.7,Simran Kaur,4,2025-04-11 00:00:00,Need support with data entry
28,T1037,Suresh Kaur,Bihar,Dimapur,Block A,SCH049,Govt High School East,Science,10,MI10006,Science lab activities,2025-04-12, Approved,23,31,42,11,10.0,Anamika Singh,6,2025-04-19 00:00:00,Data not verified yet
29,T1060,Rohit Kaur,Punjab,Gaya,Block D,SCH023,Mission School East,maths,8th,MI10026,Homework support group,2025-04-20,Draft,50,73,77,4,14.9,Ayesha Khan,4,2025-04-24 00:00:00,Great improvement shown
30,T1080,Rohit Kaur,Punjab,Gaya,Rural,SCH042,Govt High School Central, Eng ,6,MI10094,Reading fluency project,12-01-25,Rejected,21,69,92,23,16.1,Simran Kaur,4,2025-01-13 00:00:00,Great improvement shown
31,T1051,Neha Kumar,Nagaland,Patna,Block C,SCH035,Govt High School East,MATH,10,MI10106,Science lab activities,2025-01-14,Rejected,,71%,76,,2.8,Ayesha Khan,4,2025-01-15 00:00:00,Need support with data entry
32,T1048,Amit Das,Punjab,Dimapur,Rural,SCH007,Model School West,Mathematic,10,,Science lab activities,2025-01-28, Draft,17,47%,59,,1.8,Ravi Kumar,5,2025-01-28 00:00:00,Need support with data entry
33,T1073, Suresh Kumar ,Punjab,Amritsar,Block B,SCH022,ZP School West,Math,10,MI10019,Reading fluency project,2025-03-11,Draft,-5,120,2,-118%,10.5,Ayesha Khan,3,2025-03-19 00:00:00,
34,T1006,Rohit Yadav,Bihar,Patna,Block D,SCH055,Model School East,SOC SCI,7,MI10117,Homework support group,10/01/2025,Approved,13,16,19,3,8.6,Ayesha Khan,5,2025-01-13 00:00:00,Teacher changed mid-term
35,T1059, Amit Yadav ,Bihar,Varanasi,Block D,SCH021,Mission School Central,Science,8th,MI10107,Improving basic numeracy,2025-01-12, in review,21,71,67,-4,17.4,Ayesha Khan,5,2025-01-16 00:00:00,Follow-up visit required
36,T1062,Suresh Kumar,Uttar Pradesh,Varanasi,Block A,SCH049,Mission School West,Social Science,Class 7,MI10099,Peer learning circles,2025-03-20,In-Review,,,29,,8.0,Ravi Kumar,1,2025-03-21 00:00:00,Data not verified yet
37,T1021,Neha Singh,Uttar Pradesh,Gaya,Block A,SCH010,ZP School West,Math  ,7,MI10085,Homework support group,2025-03-04,Rejected,70,14,20,6%,12.0,Ayesha Khan,2,2025-03-06 00:00:00,Follow-up visit required
38,T1056, Anita Devi ,Nagaland,Amritsar,Urban,SCH036,Mission School No. 1,Mathematic,6,MI10059,Improving basic numeracy,2025-04-21,Rejected,58,37,35,-2,8.7,Ayesha Khan,5,2025-04-27 00:00:00,
39,T1029, Neha Devi ,Bihar,Gaya,Urban,SCH033,ZP School Central,MATH,8,MI10019,Science lab activities,2025-01-26,Draft,14,22,47,25,12.7,Anamika Singh,3,2025-01-28 00:00:00,Teacher changed mid-term
40,T1036, Rahul Singh ,Bihar,Lucknow,Block D,SCH029,Govt High School No. 1,MATH,10,MI10111,Improving basic numeracy,2025-03-20,Rejected,75,5,14,9,16.2,Simran Kaur,1,2025-03-28 00:00:00,Data not verified yet
41,T1057,Anita Singh,Uttar Pradesh,Lucknow,Block D,SCH027,Mission School West,Math,Class 6,MI10013,Peer learning circles,2025-03-28,Approved,24,42,39,-3,18.8,Simran Kaur,3,2025-03-30 00:00:00,Data not verified yet
42,T1068,Priya Kaur,Nagaland,Varanasi,Block A,SCH024,Mission School No. 2,Social Science,Class 6,MI10063,Reading fluency project,2025-13-01,Approved,17,64,83,19,3.1,Ravi Kumar,5,2025-01-31 00:00:00,Data not verified yet
43,T1031,Sunita Das,Uttar Pradesh,Kohima,Block B,SCH035,ZP School Central, Eng ,9,MI10074,Homework support group,01/03/2025, SUBMITTED,72,53,78,25,18.7,Anamika Singh,3,2025-03-02 00:00:00,Great improvement shown
44,T1056,Priya Devi,Nagaland,Varanasi,Block A,SCH027,Govt High School East,sci,Class 6,MI10011,Science lab activities,2025-01-29,Submitted,47,120,17,-103,18.1,Ayesha Khan,2,2025-02-06 00:00:00,Data not verified yet
45,T1031,Rohit Kumar,Bihar,Amritsar,Block D,SCH041,Model School No. 1,English,8th,MI10003,Peer learning circles,2025-03-15,Draft,5,78,84,6%,10.1,Anamika Singh,4,2025-03-22 00:00:00,Need support with data entry
46,T1003,Neha Kumar,Uttar Pradesh,Amritsar,Rural,SCH043,Govt High School West,MATH  ,8,,Peer learning circles,13/02/2025,Draft,64,61,76,15,17.7,Simran Kaur,5,2025-02-19 00:00:00,
47,T1037,Neha Kumar,Uttar Pradesh,Lucknow,Block A,SCH052,Mission School East,Mathematic  ,8th,MI10050,Science lab activities,2025-01-24,Rejected,71,34,54,20,2 hrs,Simran Kaur,3,2025-01-31 00:00:00,
48,T1058,Rahul Kaur,Uttar Pradesh,Dimapur,Block C,SCH041,Govt High School No. 1,SOC SCI,Class 7,MI10103,Reading fluency project,2025-01-04,In-Review,61,4,3,-1,19.0,Simran Kaur,1,2025-01-13 00:00:00,Great improvement shown
49,T1032,Priya Kumar,Punjab,Kohima,Urban,SCH025,Govt High School Central,maths,8th,MI10079,Science lab activities,30-03-25, Submitted,-5,9,18,9,14.2,Anamika Singh,3,2025-04-01 00:00:00,Data not verified yet
50,T1047, Suresh Kumar ,Punjab,Ludhiana,Block B,SCH051,Model School No. 1,MATH,IX,MI10060,Peer learning circles,2025-01-17,Submitted,30+,50,67,17,9.0,Anamika Singh,5,2025-01-27 00:00:00,
51,T1008, Priya Das ,Punjab,Lucknow,Block B,SCH011,Mission School No. 2,MATH,IX,MI10109,Improving basic numeracy,2025-02-02,In-Review,43,78,90,12,6.8,Anamika Singh,NA,2025-02-02 00:00:00,Need support with data entry
52,T1027,Amit Das,Bihar,Kohima,Rural,SCH035,Mission School Central, Eng ,9,MI10088,Homework support group,2025-02-08,in review,30+,56,64,8,19.5,Ravi Kumar,5,2025-02-16 00:00:00,Need support with data entry
53,T1032, Anita Kumar ,Bihar,Lucknow,Block D,SCH056,Model School No. 2,Science  ,Class 6,MI10093,Science lab activities,25/01/2025, Rejected,64,63,-10,-73,1.0,John Doe,4,2025-01-29 00:00:00,
54,T1034,Neha Yadav,Uttar Pradesh,Patna,Block D,SCH004,ZP School Central,sci  ,10,MI10065,Homework support group,2025-04-08,SUBMITTED,20,16,14,-2%,10.0,Ayesha Khan,NA,2025-04-13 00:00:00,Teacher changed mid-term
55,T1018, Neha Das ,Uttar Pradesh,Ludhiana,Block D,SCH040,Mission School West,MATH,IX,MI10069,Homework support group,2025-04-01,Rejected,52,42,58,16,5.3,Anamika Singh,1,2025-04-10 00:00:00,Teacher changed mid-term
56,T1049, Anita Kaur ,Punjab,Patna,Urban,SCH045,Govt High School No. 2,Math,8th,MI10020,Homework support group,2025-03-30,In-Review,65,7,24,17,18.2,Simran Kaur,3,2025-04-08 00:00:00,Teacher changed mid-term
57,T1029,Rohit Singh,Punjab,Kohima,Block C,SCH031,Mission School West,maths,10,MI10087,Peer learning circles,18/02/2025, Rejected,23,37,33,-4,10.8,Anamika Singh,2,2025-02-19 00:00:00,
58,T1068,Suresh Kaur,Punjab,Patna,Block A,SCH027,Mission School East,English  ,8,,Peer learning circles,2025-04-29,in review,65,61,76,15%,10.7,Ayesha Khan,2,2025-05-05 00:00:00,Great improvement shown
59,T1064,Anita Kaur,Uttar Pradesh,Patna,Block A,SCH020,Govt High School Central,maths,8th,MI10070,Peer learning circles,05/03/2025, Draft,64,34,35,1%,5.9,Ravi Kumar,5.0,2025-03-15 00:00:00,Teacher changed mid-term
60,T1013,Anita Devi,Nagaland,Varanasi,Block B,SCH001,Mission School East,Social Science,8th,MI10043,Science lab activities,16/03/2025,Submitted,51,30,26,-4,13.8,Simran Kaur,2,2025-03-19 00:00:00,Great improvement shown
61,T1048,Amit Kaur,Nagaland,Amritsar,Block B,SCH044,Govt High School West, Eng ,IX,MI10010,Peer learning circles,2025-01-15, In-Review,30,73,85,12,,Anamika Singh,1,2025-01-22 00:00:00,Great improvement shown
62,T1060,Rohit Kaur,Bihar,Dimapur,Block C,SCH053,Govt High School No. 2,social science ,7,,Science lab activities,2025-03-31,Submitted,13,60,56,-4,17.8,John Doe,4,2025-04-06 00:00:00,Need support with data entry
63,T1045,Priya Devi,Nagaland,Ludhiana,Rural,SCH015,Govt High School No. 1,maths,8th,MI10070,Homework support group,2025-03-10,Draft,49,19,22%,,17.8,Ravi Kumar,1,2025-03-19 00:00:00,Need support with data entry
64,T1032, Rahul Yadav ,Nagaland,Amritsar,Urban,SCH014,Govt High School No. 2,sci,10,MI10118,Peer learning circles,2025-02-10,SUBMITTED,46,30,34,4,14.7,Ravi Kumar,4,2025-02-18 00:00:00,Teacher changed mid-term
65,T1049,Neha Kaur,Nagaland,Dimapur,Block B,SCH020,Model School No. 2,sci,8th,MI10029,Science lab activities,20/04/2025, SUBMITTED,12,71,79,8,16.9,Ayesha Khan,2,2025-04-20 00:00:00,Follow-up visit required
66,T1010,Suresh Das,Punjab,Kohima,Block B,SCH056,Mission School Central,Math,9,MI10095,Improving basic numeracy,06-04-25,Draft,31,50,74,24,17.7,John Doe,NA,2025-04-13 00:00:00,Follow-up visit required
67,T1073,Suresh Kaur,Punjab,Patna,Block C,SCH036,Model School Central,Science,9,MI10049,Peer learning circles,2025-04-17,In-Review,48,32,51,19,14.4,John Doe,5.0,2025-04-25 00:00:00,Data not verified yet
68,T1010,Rahul Kumar,Nagaland,Ludhiana,Rural,SCH015,Govt High School No. 2,Math,9,MI10048,Improving basic numeracy,2025-03-21,In-Review,67,2%,-3,,14.0,John Doe,2,2025-03-22 00:00:00,Need support with data entry
69,T1033,Neha Singh,Nagaland,Gaya,Block C,SCH026,Model School West,Social Science,9,MI10106,Improving basic numeracy,25-03-25,Submitted,30+,48%,55,,11.3,Ayesha Khan,1,2025-03-28 00:00:00,Great improvement shown
70,T1035,Rahul Kumar,Uttar Pradesh,Patna,Block B,SCH060,Mission School No. 1,Social Science,Ten,MI10106,Homework support group,2025-04-29,Draft,77,49,65,16,19.5,Ayesha Khan,NA,2025-05-02 00:00:00,Need support with data entry
71,T1051, Neha Kumar ,Uttar Pradesh,Kohima,Block D,SCH015,Mission School West,Mathematic,Class 7,MI10075,Homework support group,11/01/2025,Approved,14,10,13,3%,,Simran Kaur,3,2025-01-12 00:00:00,Great improvement shown
72,T1066,Amit Kumar,Bihar,Gaya,Block C,SCH036,Govt High School West,social science ,Class 6,MI10002,Science lab activities,2025-02-22,Submitted,76,31,44,13%,5.5,Simran Kaur,1,2025-02-27 00:00:00,Follow-up visit required
73,T1079,Suresh Yadav,Bihar,Ludhiana,Block C,SCH001,Model School Central,social science ,Class 7,MI10043,Homework support group,2025-02-12, SUBMITTED,22,38,43,5,12.7,Anamika Singh,3,2025-02-18 00:00:00,Follow-up visit required
74,T1073,Suresh Das,Punjab,Patna,Rural,SCH030,ZP School East,maths  ,7,MI10102,Homework support group,2025-03-28,in review,37,19,36,17,17.4,John Doe,3,2025-04-05 00:00:00,
75,T1046,Anita Kaur,Bihar,Dimapur,Block C,SCH051,Model School No. 1,Math,7,MI10066,Peer learning circles,2025-03-13,In-Review,52,,59,NA,19.2,Ayesha Khan,2,2025-03-18 00:00:00,Follow-up visit required
76,T1045,Sunita Kumar,Nagaland,Kohima,Block C,SCH005,Mission School No. 1,English,6,MI10083,Improving basic numeracy,28/03/2025,in review,27,70,70,0%,7.9,Anamika Singh,4,2025-04-06 00:00:00,Teacher changed mid-term
77,T1009, Priya Das ,Punjab,Varanasi,Block C,SCH013,Model School No. 1,maths,8th,MI10082,Science lab activities,2025-03-18,Rejected,49,45,67,22,6.3,Ravi Kumar,2,2025-03-23 00:00:00,Data not verified yet
78,T1074,Amit Yadav,Punjab,Kohima,Rural,SCH035,ZP School West,Science,8th,MI10024,Science lab activities,2025-04-18,Submitted,6,62,61,-1,8.9,Ravi Kumar,NA,2025-04-18 00:00:00,Great improvement shown
79,T1022,Sunita Das,Nagaland,Gaya,Urban,SCH008,Mission School West,MATH,IX,MI10006,Homework support group,2025-03-11,Rejected,-5,31,-10,-41,2 hrs,Ravi Kumar,5,2025-03-16 00:00:00,Data not verified yet
80,T1027,Suresh Kumar,Uttar Pradesh,Lucknow,Urban,SCH035,ZP School Central,maths,10,MI10110,Peer learning circles,2025-04-26, Submitted,-5,52,76,24%,5.0,John Doe,5,2025-05-06 00:00:00,Follow-up visit required
81,T1012, Amit Das ,Uttar Pradesh,Varanasi,Block D,SCH032,Mission School West,Math,7,MI10059,Science lab activities,2025-04-19, In-Review,59,27,37,10,13.7,Ayesha Khan,NA,2025-04-29 00:00:00,Teacher changed mid-term
82,T1059, Rahul Yadav ,Punjab,Ludhiana,Rural,SCH020,ZP School Central,English,Class 6,MI10048,Reading fluency project,2025-01-07,Approved,34,54,69,15,0.2,Simran Kaur,4,2025-01-09 00:00:00,Teacher changed mid-term
83,T1014, Priya Singh ,Uttar Pradesh,Lucknow,Block B,SCH025,ZP School No. 2,English,IX,MI10079,Reading fluency project,2025-02-26,Draft,24,52,66,14,19.3,Simran Kaur,2,2025-03-02 00:00:00,Data not verified yet
84,T1078, Rohit Kaur ,Bihar,Lucknow,Block B,SCH034,ZP School East,maths,6,MI10102,Reading fluency project,2025-03-05, Draft,14,67,90,23,13.7,John Doe,1,2025-03-05 00:00:00,
85,T1008,Amit Das,Uttar Pradesh,Dimapur,Block D,SCH045,Model School No. 1,SOC SCI  ,IX,MI10020,Science lab activities,2025-01-11,In-Review,24,68,73,5,16.9,Ayesha Khan,4,2025-01-12 00:00:00,Teacher changed mid-term
86,T1023,Priya Kumar,Punjab,Patna,Block B,SCH032,Mission School West,sci,10,MI10017,Science lab activities,04/04/2025,SUBMITTED,47,54,57,3,,Anamika Singh,5.0,2025-04-06 00:00:00,Follow-up visit required
87,T1015,Suresh Kaur,Bihar,Patna,Block A,SCH016,Govt High School East,MATH,Class 7,MI10023,Improving basic numeracy,12/03/2025,in review,58,28,33,5%,1.1,Ravi Kumar,1,2025-03-18 00:00:00,Need support with data entry
88,T1040,Neha Kumar,Nagaland,Patna,Block C,SCH013,Mission School West,maths,Ten,MI10048,Peer learning circles,05-03-25,in review,36,19,-10,-29%,15.2,John Doe,3,2025-03-06 00:00:00,Great improvement shown
89,T1008,Anita Kaur,Uttar Pradesh,Gaya,Block A,SCH059,ZP School West,Mathematic  ,Class 6,MI10096,Improving basic numeracy,2025-03-16,Draft,55,9,22,13,14.0,Simran Kaur,3,2025-03-19 00:00:00,Need support with data entry
90,T1014,Anita Kumar,Punjab,Kohima,Block D,SCH021,Model School No. 1,sci,Class 6,MI10027,Homework support group,2025-02-09,SUBMITTED,-5,20,40%,,,Ravi Kumar,4,2025-02-17 00:00:00,Need support with data entry
91,T1004, Amit Yadav ,Punjab,Gaya,Block D,SCH007,ZP School No. 1,Math,6,MI10029,Reading fluency project,26/01/2025,Approved,15,74%,87%,,2 hrs,Simran Kaur,6,2025-02-02 00:00:00,Need support with data entry
92,T1051,Sunita Kumar,Nagaland,Dimapur,Block B,SCH023,ZP School No. 2,maths,10,MI10020,Improving basic numeracy,2025-03-20,Draft,68,52,75,23,12.6,Anamika Singh,4,2025-03-25 00:00:00,Teacher changed mid-term
93,T1065,Neha Yadav,Uttar Pradesh,Ludhiana,Block A,SCH021,ZP School No. 1,maths,6,MI10061,Peer learning circles,15/02/2025,Draft,17,31,47,16,19.7,John Doe,2,2025-02-17 00:00:00,Great improvement shown
94,T1076,Rahul Kaur,Uttar Pradesh,Ludhiana,Urban,SCH013,Model School West,maths,8,MI10012,Improving basic numeracy,2025-01-30,Submitted,5,42,66,24,,Ravi Kumar,2,2025-01-31 00:00:00,
95,T1051,Priya Singh,Uttar Pradesh,Varanasi,Block B,SCH011,Model School East,SOC SCI,Class 6,MI10072,Peer learning circles,2025-04-11,in review,27,48,52%,,15.4,Anamika Singh,NA,2025-04-20 00:00:00,Follow-up visit required
96,T1073,Priya Yadav,Punjab,Varanasi,Rural,SCH005,ZP School Central,MATH,8,MI10012,Science lab activities,2025-02-27, Draft,13,44%,47,NA,17.6,Simran Kaur,1,2025-03-06 00:00:00,
97,T1010, Rahul Singh ,Bihar,Varanasi,Block C,SCH007,Govt High School Central,Science,Class 7,MI10010,Peer learning circles,01/05/2025,Submitted,66,3,11,8,13.9,Anamika Singh,3,2025-05-05 00:00:00,Great improvement shown
98,T1063,Anita Kumar,Uttar Pradesh,Patna,Block D,SCH006,Mission School West, Eng ,9,MI10027,Reading fluency project,2025-03-23,Submitted,19,39,59,20%,7.4,John Doe,NA,2025-03-30 00:00:00,Teacher changed mid-term
99,T1020,Priya Kumar,Uttar Pradesh,Dimapur,Urban,SCH015,Govt High School East,sci,Class 7,MI10088,Homework support group,15/03/2025,Rejected,55,4,15,11,19.0,Ravi Kumar,2,2025-03-17 00:00:00,Need support with data entry
100,T1019,Rohit Singh,Bihar,Gaya,Block D,SCH036,Model School West,MATH,10,MI10118,Improving basic numeracy,11/04/2025,In-Review,58,14,22,8%,15.7,Anamika Singh,4,2025-04-15 00:00:00,Teacher changed mid-term
101,T1023,Rohit Yadav,Punjab,Dimapur,Block A,SCH026,Mission School No. 2,Math,8th,MI10115,Science lab activities,2025-01-03,SUBMITTED,40,62,84,22,5.4,John Doe,1,2025-01-06 00:00:00,Teacher changed mid-term
102,T1067,Neha Kumar,Punjab,Gaya,Block C,SCH046,Model School No. 2,sci,Ten,,Reading fluency project,23/04/2025,SUBMITTED,30+,4,13,9,13.6,Ravi Kumar,5,2025-04-30 00:00:00,Great improvement shown
103,T1045,Anita Singh,Bihar,Lucknow,Block A,SCH025,Govt High School No. 2,social science ,9,MI10083,Reading fluency project,2025-03-28,in review,7,1,11%,,19.3,Simran Kaur,4,2025-04-02 00:00:00,Teacher changed mid-term
104,T1080,Amit Das,Bihar,Patna,Urban,SCH043,Mission School West,SOC SCI,Ten,MI10039,Improving basic numeracy,2025-03-03,Approved,40,33,48,15,16.0,Anamika Singh,3,2025-03-13 00:00:00,Great improvement shown
105,T1034,Amit Yadav,Nagaland,Patna,Urban,SCH046,ZP School Central,Social Science,IX,MI10061,Science lab activities,2025-03-06,Draft,76,23,27,4%,6.7,Ayesha Khan,2,2025-03-10 00:00:00,Teacher changed mid-term
106,T1038, Sunita Kumar ,Nagaland,Patna,Rural,SCH038,Govt High School East,Social Science,IX,MI10088,Homework support group,2025-03-09,Submitted,24,17,18,1,1.6,Simran Kaur,2,2025-03-14 00:00:00,Data not verified yet
107,T1022,Anita Yadav,Bihar,Ludhiana,Urban,SCH028,Model School East,Mathematic,8th,MI10005,Peer learning circles,26/01/2025,Submitted,72,24,19,-5%,11.8,Ravi Kumar,NA,2025-01-26 00:00:00,Follow-up visit required
108,T1068,Neha Yadav,Punjab,Varanasi,Block D,SCH023,ZP School No. 2,Mathematic  ,6,MI10094,Reading fluency project,28/01/2025,In-Review,20,46,-10,-56%,13.2,Ayesha Khan,NA,2025-01-29 00:00:00,Teacher changed mid-term
109,T1020,Suresh Kaur,Bihar,Lucknow,Block D,SCH043,Govt High School West,maths,Ten,MI10018,Homework support group,17/04/2025,In-Review,20,36,34,-2,8.2,Ravi Kumar,NA,2025-04-24 00:00:00,Great improvement shown
110,T1002,Priya Kumar,Nagaland,Ludhiana,Block A,SCH050,Govt High School No. 1,maths  ,9,MI10038,Science lab activities,2025-03-01,SUBMITTED,10,37,43,6%,13.3,Ravi Kumar,4,2025-03-10 00:00:00,Follow-up visit required
111,T1024,Priya Yadav,Nagaland,Kohima,Block C,SCH054,Model School East,Mathematic  ,8,MI10090,Improving basic numeracy,01/05/2025,Submitted,80,61,81,20,14.5,Ravi Kumar,4,2025-05-02 00:00:00,Teacher changed mid-term
112,T1002,Suresh Kaur,Uttar Pradesh,Gaya,Block D,SCH043,ZP School East,MATH,Class 7,MI10106,Peer learning circles,2025-13-01, in review,69,60,82,22,11.0,John Doe,2,2025-04-26 00:00:00,Teacher changed mid-term
113,T1064, Sunita Singh ,Bihar,Kohima,Rural,SCH042,Govt High School No. 1,Mathematic,Class 7,,Peer learning circles,01/01/2025, SUBMITTED,43,65,77,12,11.2,Anamika Singh,3,2025-01-08 00:00:00,Need support with data entry
114,T1046,Rohit Das,Uttar Pradesh,Gaya,Block A,SCH058,ZP School East,Science  ,Class 7,MI10079,Reading fluency project,2025-01-25,SUBMITTED,63,24%,41,NA,9.1,Anamika Singh,2,2025-02-01 00:00:00,Need support with data entry
115,T1075,Sunita Das,Punjab,Ludhiana,Rural,SCH053,ZP School No. 1,Mathematic,Ten,MI10042,Peer learning circles,2025-04-23,In-Review,36,35,42,7,6.0,Anamika Singh,5,2025-05-03 00:00:00,Great improvement shown
116,T1045, Anita Kaur ,Punjab,Varanasi,Rural,SCH008,Mission School West, Eng ,Ten,MI10086,Homework support group,28/03/2025, SUBMITTED,59,1%,12%,,13.7,Ravi Kumar,3,2025-03-31 00:00:00,
117,T1072, Suresh Kaur ,Nagaland,Amritsar,Urban,SCH051,Mission School No. 1,Mathematic  ,Class 7,MI10101,Science lab activities,2025-03-12,in review,61,28,52,24%,3.9,John Doe,5.0,2025-03-22 00:00:00,Need support with data entry
118,T1049,Rahul Yadav,Uttar Pradesh,Lucknow,Block B,SCH011,Mission School No. 1,MATH,8th,MI10020,Improving basic numeracy,20-01-25,SUBMITTED,43,62,82,20%,,Anamika Singh,5.0,2025-01-28 00:00:00,
119,T1043, Neha Singh ,Uttar Pradesh,Amritsar,Urban,SCH034,Model School West,SOC SCI,6,MI10045,Homework support group,31-01-25,In-Review,10,41,48,7,7.5,Anamika Singh,1,2025-02-04 00:00:00,Data not verified yet
120,T1022, Rahul Kaur ,Bihar,Amritsar,Rural,SCH041,ZP School East,English,9,MI10090,Homework support group,24/03/2025,Submitted,24,3,-10,-13%,18.2,John Doe,4,2025-03-30 00:00:00,Follow-up visit required
121,T1080, Priya Kaur ,Bihar,Gaya,Block C,SCH060,Govt High School Central,SOC SCI  ,10,MI10037,Homework support group,2025-02-18,in review,,20,32,12,17.7,Simran Kaur,1,2025-02-26 00:00:00,
122,T1051,Priya Singh,Punjab,Varanasi,Block B,SCH027,ZP School No. 2,Science,9,MI10033,Reading fluency project,2025-01-15,SUBMITTED,11,70,79,9,7.1,Ravi Kumar,6,2025-01-24 00:00:00,Need support with data entry
123,T1079,Rohit Kaur,Punjab,Varanasi,Block C,SCH028,ZP School No. 1,MATH,9,MI10092,Homework support group,05/02/2025,Draft,47,61,70,9%,16.5,Anamika Singh,5.0,2025-02-15 00:00:00,Need support with data entry
124,T1004,Amit Das,Punjab,Patna,Urban,SCH017,Model School No. 2,MATH  ,Class 7,MI10099,Peer learning circles,04/04/2025,Draft,70,11,-10,-21,2.8,Ravi Kumar,5.0,2025-04-13 00:00:00,Data not verified yet
125,T1046,Rahul Devi,Nagaland,Amritsar,Block A,SCH017,Mission School No. 2,Math,9,MI10102,Science lab activities,2025-02-19,Rejected,10,41,39,-2,13.1,Simran Kaur,1,2025-02-27 00:00:00,Follow-up visit required
126,T1046, Neha Yadav ,Nagaland,Patna,Urban,SCH057,ZP School East,Science,9,MI10083,Science lab activities,2025-01-28,Draft,20,29,37,8%,0.4,Ayesha Khan,6,2025-02-06 00:00:00,Great improvement shown
127,T1019,Rahul Devi,Uttar Pradesh,Ludhiana,Urban,SCH026,Govt High School Central,English,9,MI10061,Homework support group,2025-01-22,Rejected,79,23,37,14,7.7,Ayesha Khan,NA,2025-01-30 00:00:00,
128,T1023,Sunita Das,Bihar,Gaya,Block A,SCH031,ZP School West,sci  ,6,MI10100,Homework support group,2025-03-08,SUBMITTED,,67,75,8,13.9,Ayesha Khan,3,2025-03-15 00:00:00,Great improvement shown
129,T1070,Amit Singh,Punjab,Patna,Rural,SCH048,Govt High School West,sci,7,MI10049,Reading fluency project,30/03/2025,Rejected,24,54,69,15,4.1,Anamika Singh,4,2025-04-01 00:00:00,Follow-up visit required
130,T1074,Neha Kaur,Nagaland,Ludhiana,Rural,SCH008,ZP School East,Science,7,MI10052,Science lab activities,2025-04-13,in review,11,20,-10,-30,,Ravi Kumar,5,2025-04-13 00:00:00,Data not verified yet
131,T1067,Rohit Kaur,Bihar,Ludhiana,Rural,SCH032,Model School No. 1,Social Science,IX,MI10005,Peer learning circles,2025-03-07,Draft,9,46,48,2,4.0,Ayesha Khan,1,2025-03-08 00:00:00,
132,T1045,Neha Singh,Punjab,Amritsar,Block D,SCH060,Model School West,Math,10,MI10065,Improving basic numeracy,2025-03-13,Approved,19,65,90,25,4.9,Simran Kaur,4,2025-03-23 00:00:00,Teacher changed mid-term
133,T1034,Priya Yadav,Punjab,Amritsar,Block C,SCH027,Mission School West,sci,6,MI10034,Reading fluency project,2025-02-06,in review,48,9,21,12,18.2,John Doe,2,2025-02-09 00:00:00,Follow-up visit required
134,T1080,Neha Devi,Bihar,Gaya,Block A,SCH044,Model School West,Math,IX,MI10109,Homework support group,2025-02-17,Rejected,78,35,45,10%,8.5,Anamika Singh,NA,2025-02-22 00:00:00,Teacher changed mid-term
135,T1016,Sunita Singh,Bihar,Patna,Rural,SCH014,Model School West,English,Class 6,MI10111,Science lab activities,2025-01-24, Draft,48,46,46,0,2.6,Anamika Singh,1,2025-01-28 00:00:00,Great improvement shown
136,T1020, Sunita Kumar ,Punjab,Dimapur,Block D,SCH009,Mission School East,maths,10,MI10073,Improving basic numeracy,2025-02-20,Draft,30+,32,42,10,6.9,John Doe,6,2025-03-02 00:00:00,
137,T1023,Rohit Singh,Uttar Pradesh,Kohima,Rural,SCH029,Govt High School East,social science ,10,MI10019,Reading fluency project,23/03/2025, Approved,78,51,73,22,7.9,John Doe,3,2025-04-01 00:00:00,
138,T1003,Anita Kaur,Punjab,Lucknow,Rural,SCH045,Govt High School No. 2,Science,Class 7,MI10009,Homework support group,2025-03-12,SUBMITTED,15,13,16,3,2.5,Anamika Singh,1,2025-03-12 00:00:00,Data not verified yet
139,T1060,Rohit Das,Nagaland,Ludhiana,Rural,SCH035,ZP School West,social science ,8th,MI10082,Peer learning circles,2025-02-25,in review,49,61,73,12%,15.2,Ravi Kumar,4,2025-03-05 00:00:00,Need support with data entry
140,T1039,Rahul Yadav,Uttar Pradesh,Amritsar,Block A,SCH036,Mission School No. 2,Mathematic,IX,MI10032,Reading fluency project,02/04/2025,Rejected,33,33,30,-3,14.9,Simran Kaur,1,2025-04-04 00:00:00,Great improvement shown
141,T1035,Sunita Devi,Uttar Pradesh,Patna,Block B,SCH004,Govt High School No. 2,English  ,10,MI10092,Homework support group,2025-04-04,Submitted,68,27,32,5%,,Ravi Kumar,NA,2025-04-10 00:00:00,Need support with data entry
142,T1033,Amit Kumar,Bihar,Amritsar,Block D,SCH050,Model School No. 2,Math  ,9,MI10099,Improving basic numeracy,2025-03-08,Draft,44,41,-10,-51,17.8,Ravi Kumar,2,2025-03-18 00:00:00,Teacher changed mid-term
143,T1016,Amit Devi,Bihar,Patna,Urban,SCH051,Model School West,Science,Class 6,MI10032,Reading fluency project,2025-03-05, In-Review,12,7,13,6,15.1,John Doe,1,2025-03-11 00:00:00,Follow-up visit required
144,T1057,Rohit Das,Nagaland,Amritsar,Urban,SCH012,Mission School Central, Eng ,10,MI10077,Peer learning circles,2025-01-21,Draft,38,69,75,6,12.4,Simran Kaur,5,2025-01-27 00:00:00,Great improvement shown
145,T1079,Rohit Singh,Nagaland,Varanasi,Block A,SCH007,Govt High School No. 1,Science,8,MI10026,Improving basic numeracy,2025-03-04,Submitted,54,62%,73,NA,13.1,Ayesha Khan,1,2025-03-09 00:00:00,
146,T1008, Rohit Das ,Bihar,Gaya,Block C,SCH005,ZP School West,English,7,MI10069,Homework support group,2025-01-25,in review,27,71,89,18,2.1,Ravi Kumar,5,2025-01-30 00:00:00,Data not verified yet
147,T1046,Neha Das,Uttar Pradesh,Varanasi,Block D,SCH049,Model School Central,social science ,9,MI10028,Homework support group,2025-04-09,in review,62,57,82,25,6.0,Ravi Kumar,3,2025-04-09 00:00:00,Data not verified yet
148,T1074,Anita Kumar,Bihar,Kohima,Block C,SCH010,ZP School Central,MATH,Ten,MI10033,Science lab activities,2025-01-12,In-Review,14,41,61,20%,0.7,Anamika Singh,1,2025-01-17 00:00:00,Follow-up visit required
149,T1016,Suresh Kaur,Bihar,Dimapur,Block A,SCH020,Govt High School Central,sci  ,Ten,MI10065,Reading fluency project,2025-01-20, in review,62,76,89,13%,1.0,John Doe,4,2025-01-28 00:00:00,Teacher changed mid-term
150,T1072,Suresh Yadav,Nagaland,Amritsar,Urban,SCH040,ZP School No. 2,English  ,10,MI10042,Peer learning circles,2025-01-12,Rejected,49,24,29,5,12.5,John Doe,NA,2025-01-15 00:00:00,Great improvement shown
151,T1011,Priya Kaur,Bihar,Amritsar,Urban,SCH060,ZP School Central,Math,Class 6,MI10015,Science lab activities,2025-02-27,Approved,73,27,28,1,7.5,Anamika Singh,NA,2025-03-01 00:00:00,Need support with data entry
152,T1007,Sunita Kaur,Bihar,Gaya,Block D,SCH043,Mission School Central,English  ,6,MI10114,Homework support group,30-01-25,in review,30+,40,50,10,,Ravi Kumar,3,2025-02-04 00:00:00,Teacher changed mid-term
153,T1046, Neha Kaur ,Uttar Pradesh,Amritsar,Urban,SCH018,Govt High School Central,Mathematic,6,MI10036,Reading fluency project,2025-01-20,Rejected,16,48,59,11%,18.2,Simran Kaur,2,2025-01-23 00:00:00,Data not verified yet
154,T1018,Rohit Kaur,Punjab,Dimapur,Block B,SCH042,ZP School Central,English,IX,MI10093,Improving basic numeracy,2025-01-24,Draft,45,52,77,25,2.1,Ravi Kumar,NA,2025-02-02 00:00:00,
155,T1030,Suresh Kaur,Bihar,Varanasi,Block A,SCH045,Model School No. 2,sci,Ten,MI10084,Science lab activities,24/01/2025,Rejected,25,120%,26,,15.2,Ayesha Khan,5.0,2025-01-31 00:00:00,
156,T1032,Amit Yadav,Bihar,Dimapur,Rural,SCH021,Model School West,social science ,Ten,MI10083,Improving basic numeracy,2025-03-08, Rejected,10,31%,42,,8.8,Simran Kaur,3,2025-03-15 00:00:00,Great improvement shown
157,T1067,Anita Yadav,Nagaland,Gaya,Rural,SCH033,Govt High School No. 2,social science ,IX,MI10053,Science lab activities,2025-02-27,Rejected,30,58,55,-3%,2 hrs,John Doe,1,2025-03-07 00:00:00,Data not verified yet
158,T1021,Amit Das,Nagaland,Patna,Block B,SCH059,Mission School West,SOC SCI,8,MI10019,Reading fluency project,09/04/2025,Rejected,62,36,51%,NA,10.0,Ayesha Khan,4,2025-04-12 00:00:00,Great improvement shown
159,T1011,Rahul Devi,Uttar Pradesh,Amritsar,Block A,SCH012,ZP School No. 1,SOC SCI,Class 6,,Improving basic numeracy,2025-03-27,In-Review,16,6,4,-2,3.5,John Doe,3,2025-03-27 00:00:00,Need support with data entry
160,T1009,Amit Das,Bihar,Lucknow,Block D,SCH009,Govt High School Central,MATH,IX,MI10027,Reading fluency project,2025-03-20,In-Review,72,11,21,10,11.5,Anamika Singh,2,2025-03-29 00:00:00,
161,T1024,Suresh Kaur,Uttar Pradesh,Amritsar,Block A,SCH008,Govt High School East,SOC SCI  ,7,MI10027,Peer learning circles,2025-02-23,Approved,32,1,16,15,,Simran Kaur,5,2025-03-04 00:00:00,Need support with data entry
162,T1062,Sunita Kumar,Punjab,Kohima,Block B,SCH041,Model School West,MATH,8th,MI10053,Improving basic numeracy,2025-04-17,In-Review,45,120,83,-37%,2 hrs,Ayesha Khan,4,2025-04-27 00:00:00,
163,T1077,Priya Singh,Uttar Pradesh,Patna,Block C,SCH027,Govt High School East,Social Science  ,Class 6,MI10039,Reading fluency project,2025-03-09,Submitted,9,25,49,24,17.5,Simran Kaur,2,2025-03-10 00:00:00,
164,T1059,Amit Kaur,Bihar,Patna,Block C,SCH060,Govt High School West,English,Class 6,MI10006,Improving basic numeracy,08/03/2025, in review,78,39,54,15,2 hrs,Ravi Kumar,5.0,2025-03-09 00:00:00,Need support with data entry
165,T1070, Neha Das ,Uttar Pradesh,Lucknow,Block B,SCH046,Mission School West,Social Science,8,MI10079,Science lab activities,2025-03-11,Draft,,6,4,-2,8.9,Simran Kaur,2,2025-03-21 00:00:00,
166,T1073,Anita Kumar,Nagaland,Gaya,Block D,SCH020,Model School East,Social Science  ,9,MI10115,Peer learning circles,03-02-25,in review,47,41,50,9,11.5,Anamika Singh,6,2025-02-04 00:00:00,Follow-up visit required
167,T1060,Amit Das,Nagaland,Amritsar,Urban,SCH016,ZP School East,Mathematic,7,MI10105,Peer learning circles,25/02/2025,Rejected,48,69,86,17,9.3,Anamika Singh,NA,2025-03-04 00:00:00,Great improvement shown
168,T1077,Amit Singh,Nagaland,Patna,Block A,SCH014,ZP School West,SOC SCI,6,MI10085,Reading fluency project,2025-02-27, Rejected,62,25,26,1,19.7,Simran Kaur,5,2025-02-27 00:00:00,
169,T1038, Rahul Singh ,Bihar,Patna,Rural,SCH036,Mission School No. 1,maths,6,MI10090,Peer learning circles,2025-02-20,in review,53,55,67,12,5.8,Ravi Kumar,6,2025-02-21 00:00:00,Data not verified yet
170,T1056, Anita Kumar ,Punjab,Dimapur,Block D,SCH058,Model School West,Science,8th,MI10071,Homework support group,2025-02-19,Draft,5,73,83,10,11.4,Simran Kaur,6,2025-02-26 00:00:00,Data not verified yet
171,T1036,Sunita Das,Bihar,Gaya,Block B,SCH031,Govt High School West,social science ,10,MI10116,Science lab activities,10/03/2025,Rejected,65,73,91,18,6.1,Anamika Singh,4,2025-03-19 00:00:00,Great improvement shown
172,T1080,Rahul Singh,Nagaland,Gaya,Block B,SCH033,Govt High School Central,maths,8,MI10036,Science lab activities,02/01/2025,In-Review,80,19,35,16,6.9,Ayesha Khan,5,2025-01-04 00:00:00,Teacher changed mid-term
173,T1057,Anita Devi,Uttar Pradesh,Patna,Rural,SCH017,Govt High School No. 1,Science,8th,MI10039,Homework support group,06-04-25,Draft,54,60%,63,,13.7,Ayesha Khan,NA,2025-04-14 00:00:00,Data not verified yet
174,T1035, Neha Singh ,Uttar Pradesh,Gaya,Block C,SCH042,Model School East,SOC SCI,9,MI10076,Reading fluency project,2025-03-08,in review,45,70%,65,,5.7,Ravi Kumar,NA,2025-03-17 00:00:00,Need support with data entry
175,T1028, Priya Kaur ,Bihar,Gaya,Urban,SCH009,Model School West,Science,7,MI10033,Science lab activities,2025-03-01,Submitted,40,54,71,17,6.7,Ayesha Khan,3,2025-03-03 00:00:00,Teacher changed mid-term
176,T1051,Anita Kaur,Nagaland,Gaya,Block B,SCH035,Model School No. 2,social science ,7,MI10092,Science lab activities,2025-01-14,Submitted,37,57,52,-5,18.1,Anamika Singh,NA,2025-01-21 00:00:00,Teacher changed mid-term
177,T1009, Suresh Kumar ,Nagaland,Kohima,Block A,SCH037,Mission School Central,SOC SCI  ,10,MI10081,Improving basic numeracy,2025-02-16,Approved,30+,58,77%,NA,17.9,Simran Kaur,4,2025-02-19 00:00:00,Great improvement shown
178,T1031,Sunita Yadav,Bihar,Lucknow,Block D,SCH035,Model School No. 1,Math  ,Class 6,MI10101,Improving basic numeracy,2025-02-21, SUBMITTED,71,58,83,25%,2 hrs,Ayesha Khan,5,2025-02-21 00:00:00,Great improvement shown
179,T1007,Rohit Kumar,Nagaland,Ludhiana,Urban,SCH005,Govt High School No. 1, Eng   ,Ten,MI10029,Improving basic numeracy,2025-04-13,Approved,56,41,39,-2,6.7,Ayesha Khan,4,2025-04-15 00:00:00,Data not verified yet
180,T1075, Rahul Devi ,Bihar,Dimapur,Block B,SCH002,Model School No. 1,Math,6,MI10012,Peer learning circles,2025-04-24, in review,65,16,17,1,14.3,Anamika Singh,3,2025-04-29 00:00:00,Teacher changed mid-term
181,T1068,Priya Das,Uttar Pradesh,Amritsar,Block D,SCH050,ZP School Central,Math  ,9,MI10020,Homework support group,2025-03-05,in review,11,46,50,4%,,Anamika Singh,5.0,2025-03-05 00:00:00,Teacher changed mid-term
182,T1057,Neha Yadav,Punjab,Varanasi,Block B,SCH050,Govt High School Central,Social Science,7,MI10053,Reading fluency project,18/02/2025, Submitted,67,6,29,23,7.2,Simran Kaur,2,2025-02-18 00:00:00,Data not verified yet
183,T1060,Sunita Yadav,Punjab,Varanasi,Block B,SCH057,Mission School West,Science  ,Ten,MI10074,Peer learning circles,2025-04-20,Rejected,67,27%,40,,4.4,Anamika Singh,5,2025-04-20 00:00:00,Teacher changed mid-term
184,T1065,Rahul Yadav,Nagaland,Kohima,Rural,SCH053,Govt High School East, Eng ,9,MI10097,Improving basic numeracy,30/03/2025,Draft,-5,37,39,2,0.5,John Doe,2,2025-04-05 00:00:00,Great improvement shown
185,T1001,Priya Yadav,Uttar Pradesh,Patna,Block C,SCH028,Mission School West,sci,Ten,MI10101,Improving basic numeracy,21/03/2025,in review,70,46,69%,,11.2,Ravi Kumar,6,2025-03-26 00:00:00,Great improvement shown
186,T1075, Suresh Kaur ,Punjab,Varanasi,Block C,SCH058,Mission School West,SOC SCI,Class 7,MI10009,Science lab activities,2025-02-14,In-Review,20,60,77,17,19.6,Ayesha Khan,5.0,2025-02-21 00:00:00,Need support with data entry
187,T1010,Priya Devi,Uttar Pradesh,Gaya,Rural,SCH010,Model School No. 2,Social Science,IX,MI10003,Science lab activities,23-02-25,Draft,58,56%,74,,8.2,Simran Kaur,3,2025-03-02 00:00:00,
188,T1059, Rohit Das ,Punjab,Lucknow,Block B,SCH051,Mission School No. 2, Eng ,Class 6,MI10099,Improving basic numeracy,2025-01-19, Rejected,25,68,72,4%,2 hrs,Simran Kaur,4,2025-01-23 00:00:00,Follow-up visit required
189,T1041, Neha Devi ,Uttar Pradesh,Kohima,Urban,SCH011,Mission School No. 1,Math,Class 7,MI10099,Reading fluency project,2025-13-01, in review,69,42,57,15,2 hrs,Anamika Singh,4,2025-03-05 00:00:00,Data not verified yet
190,T1071,Priya Singh,Bihar,Dimapur,Urban,SCH054,ZP School East,MATH,7,MI10078,Reading fluency project,2025-03-16,SUBMITTED,40,25,20,-5,12.1,Anamika Singh,3,2025-03-22 00:00:00,Great improvement shown
191,T1002,Rohit Singh,Uttar Pradesh,Lucknow,Block D,SCH056,Govt High School No. 2, Eng ,Class 7,MI10037,Reading fluency project,14/04/2025, Rejected,58,17,38,21,,Anamika Singh,1,2025-04-14 00:00:00,Teacher changed mid-term
192,T1060,Anita Devi,Punjab,Dimapur,Block C,SCH036,Model School No. 1,maths,Ten,MI10072,Homework support group,2025-01-29,Submitted,43,60,58,-2,2 hrs,Simran Kaur,1,2025-02-07 00:00:00,Data not verified yet
193,T1034,Sunita Kaur,Bihar,Varanasi,Urban,SCH047,Govt High School Central,Science,Ten,MI10041,Homework support group,2025-04-23,Approved,39,46%,54,NA,12.6,Ayesha Khan,2,2025-05-01 00:00:00,Follow-up visit required
194,T1039,Rohit Kaur,Uttar Pradesh,Gaya,Urban,SCH038,Mission School No. 2,Math,8,MI10048,Homework support group,2025-02-22,Draft,-5,19,30,11,11.0,Ayesha Khan,1,2025-02-23 00:00:00,Great improvement shown
195,T1047, Anita Yadav ,Uttar Pradesh,Ludhiana,Rural,SCH020,Govt High School No. 1,Social Science  ,8,MI10019,Reading fluency project,2025-02-09, Draft,59,120,11,-109,9.4,Simran Kaur,NA,2025-02-13 00:00:00,Data not verified yet
196,T1078,Suresh Das,Punjab,Ludhiana,Rural,SCH023,Govt High School No. 1,Science,10,MI10045,Science lab activities,21/01/2025,SUBMITTED,35,64,77,13,15.1,Ayesha Khan,1,2025-01-24 00:00:00,
197,T1024, Sunita Kaur ,Bihar,Ludhiana,Block C,SCH025,Model School No. 2,sci  ,9,MI10098,Science lab activities,2025-01-16,In-Review,-5,46,63,17,13.7,John Doe,4,2025-01-20 00:00:00,Teacher changed mid-term
198,T1061,Neha Devi,Bihar,Kohima,Rural,SCH007,Model School East,sci,7,MI10051,Homework support group,2025-03-30,Submitted,26,8,14,6,5.6,Anamika Singh,4,2025-04-04 00:00:00,Teacher changed mid-term
199,T1066,Rohit Devi,Nagaland,Gaya,Block A,SCH017,Model School East,Social Science,8,,Improving basic numeracy,2025-04-17,in review,,22,29,7,9.8,John Doe,4,2025-04-24 00:00:00,
200,T1070,Rahul Kumar,Nagaland,Gaya,Block D,SCH029,Mission School East, Eng ,8th,,Reading fluency project,2025-03-13,SUBMITTED,26,62,70,8,11.4,John Doe,2,2025-03-21 00:00:00,Need support with data entry
